{
    "total_runtime": 84.26990103721619,
    "num_documents": 1,
    "input_load_time": 0,
    "workflows": {
        "create_base_text_units": {
            "overall": 0.22972989082336426,
            "0_orderby": 0.006288051605224609,
            "1_zip": 0.0035431385040283203,
            "2_aggregate_override": 0.005571842193603516,
            "3_chunk": 0.16729092597961426,
            "4_select": 0.0,
            "5_unroll": 0.010329008102416992,
            "6_rename": 0.0,
            "7_genid": 0.007269144058227539,
            "8_unzip": 0.0055620670318603516,
            "9_copy": 0.004137516021728516,
            "10_filter": 0.014583826065063477
        },
        "create_base_extracted_entities": {
            "overall": 20.606712102890015,
            "0_entity_extract": 20.58863377571106,
            "1_merge_graphs": 0.016444921493530273
        },
        "create_summarized_entities": {
            "overall": 0.03270864486694336,
            "0_summarize_descriptions": 0.020827770233154297
        },
        "create_base_entity_graph": {
            "overall": 0.05641770362854004,
            "0_cluster_graph": 0.025515317916870117,
            "1_select": 0.014380931854248047
        },
        "create_final_entities": {
            "overall": 11.456399917602539,
            "0_unpack_graph": 0.010369539260864258,
            "1_rename": 0.015203714370727539,
            "2_select": 0.007891654968261719,
            "3_dedupe": 0.020411968231201172,
            "4_rename": 0.0167388916015625,
            "5_filter": 0.042705535888671875,
            "6_text_split": 0.016349315643310547,
            "7_drop": 0.01682305335998535,
            "8_merge": 0.01598215103149414,
            "9_text_embed": 11.246660232543945,
            "10_drop": 0.010171175003051758,
            "11_filter": 0.020055770874023438
        },
        "create_final_nodes": {
            "overall": 0.15292906761169434,
            "0_layout_graph": 0.013827323913574219,
            "1_unpack_graph": 0.007030963897705078,
            "2_unpack_graph": 0.015820026397705078,
            "3_filter": 0.021680593490600586,
            "4_drop": 0.008862018585205078,
            "5_select": 0.011397600173950195,
            "6_rename": 0.009907007217407227,
            "7_convert": 0.033111572265625,
            "8_join": 0.013425827026367188,
            "9_rename": 0.013360023498535156
        },
        "create_final_communities": {
            "overall": 0.21114659309387207,
            "0_unpack_graph": 0.0071048736572265625,
            "1_unpack_graph": 0.013299942016601562,
            "2_aggregate_override": 0.01177978515625,
            "3_join": 0.010295391082763672,
            "4_join": 0.017534255981445312,
            "5_concat": 0.010251760482788086,
            "6_filter": 0.024518489837646484,
            "7_aggregate_override": 0.012117862701416016,
            "8_join": 0.015304803848266602,
            "9_filter": 0.02449965476989746,
            "10_fill": 0.013684511184692383,
            "11_merge": 0.014016389846801758,
            "12_copy": 0.006703376770019531,
            "13_select": 0.0168607234954834
        },
        "join_text_units_to_entity_ids": {
            "overall": 0.05120348930358887,
            "0_select": 0.009979486465454102,
            "1_unroll": 0.012470483779907227,
            "2_aggregate_override": 0.016017913818359375
        },
        "create_final_relationships": {
            "overall": 0.19176006317138672,
            "0_unpack_graph": 0.014906883239746094,
            "1_filter": 0.030796289443969727,
            "2_rename": 0.016047239303588867,
            "3_filter": 0.033362388610839844,
            "4_drop": 0.01678299903869629,
            "5_compute_edge_combined_degree": 0.013217449188232422,
            "6_convert": 0.034737586975097656,
            "7_convert": 0.018535614013671875
        },
        "join_text_units_to_relationship_ids": {
            "overall": 0.08640384674072266,
            "0_select": 0.014781951904296875,
            "1_unroll": 0.021930932998657227,
            "2_aggregate_override": 0.016758203506469727,
            "3_select": 0.016651153564453125
        },
        "create_final_community_reports": {
            "overall": 41.70931696891785,
            "0_prepare_community_reports_nodes": 0.01754903793334961,
            "1_prepare_community_reports_edges": 0.019214630126953125,
            "2_restore_community_hierarchy": 0.017892122268676758,
            "3_prepare_community_reports": 0.029026031494140625,
            "4_create_community_reports": 41.596853733062744,
            "5_window": 0.0124969482421875
        },
        "create_final_text_units": {
            "overall": 0.12420511245727539,
            "0_select": 0.016155719757080078,
            "1_rename": 0.014773130416870117,
            "2_join": 0.01979684829711914,
            "3_join": 0.019504070281982422,
            "4_aggregate_override": 0.020537376403808594,
            "5_select": 0.013635396957397461
        },
        "create_base_documents": {
            "overall": 0.1910102367401123,
            "0_unroll": 0.015372753143310547,
            "1_select": 0.021071195602416992,
            "2_rename": 0.012962102890014648,
            "3_join": 0.02505779266357422,
            "4_aggregate_override": 0.017117023468017578,
            "5_join": 0.020856857299804688,
            "6_rename": 0.017856121063232422,
            "7_convert": 0.035980939865112305
        },
        "create_final_documents": {
            "overall": 0.03530144691467285,
            "0_rename": 0.01495981216430664
        }
    }
}