{
    "total_runtime": 1085.3902697563171,
    "num_documents": 1,
    "input_load_time": 0,
    "workflows": {
        "create_base_text_units": {
            "overall": 0.19659090042114258,
            "0_orderby": 0.002655506134033203,
            "1_zip": 0.0,
            "2_aggregate_override": 0.00594019889831543,
            "3_chunk": 0.14617657661437988,
            "4_select": 0.0,
            "5_unroll": 0.007879972457885742,
            "6_rename": 0.0,
            "7_genid": 0.005540132522583008,
            "8_unzip": 0.006281852722167969,
            "9_copy": 0.0033333301544189453,
            "10_filter": 0.013615131378173828
        },
        "create_base_extracted_entities": {
            "overall": 0.20154023170471191,
            "0_entity_extract": 0.18633532524108887,
            "1_merge_graphs": 0.00844264030456543
        },
        "create_summarized_entities": {
            "overall": 120.63620662689209,
            "0_summarize_descriptions": 120.63116812705994
        },
        "create_base_entity_graph": {
            "overall": 0.03599286079406738,
            "0_cluster_graph": 0.030928611755371094,
            "1_select": 0.005064249038696289
        },
        "create_final_entities": {
            "overall": 737.8229720592499,
            "0_unpack_graph": 0.010108470916748047,
            "1_rename": 0.005007028579711914,
            "2_select": 0.007700920104980469,
            "3_dedupe": 0.0036809444427490234,
            "4_rename": 0.0059621334075927734,
            "5_filter": 0.022127389907836914,
            "6_text_split": 0.005614757537841797,
            "7_drop": 0.009891986846923828,
            "8_merge": 0.01609063148498535,
            "9_text_embed": 737.7060656547546,
            "10_drop": 0.005089521408081055,
            "11_filter": 0.020560264587402344
        },
        "create_final_nodes": {
            "overall": 0.17514419555664062,
            "0_layout_graph": 0.029219865798950195,
            "1_unpack_graph": 0.014395475387573242,
            "2_unpack_graph": 0.012915611267089844,
            "3_drop": 0.009501218795776367,
            "4_filter": 0.02001190185546875,
            "5_select": 0.009595155715942383,
            "6_rename": 0.009356975555419922,
            "7_join": 0.017137527465820312,
            "8_convert": 0.03811359405517578,
            "9_rename": 0.009148836135864258
        },
        "create_final_communities": {
            "overall": 0.24205875396728516,
            "0_unpack_graph": 0.010169744491577148,
            "1_unpack_graph": 0.01663947105407715,
            "2_aggregate_override": 0.016158103942871094,
            "3_join": 0.01957392692565918,
            "4_join": 0.013925552368164062,
            "5_concat": 0.009940624237060547,
            "6_filter": 0.029420852661132812,
            "7_aggregate_override": 0.014343500137329102,
            "8_join": 0.01868581771850586,
            "9_filter": 0.025238037109375,
            "10_fill": 0.023857593536376953,
            "11_merge": 0.013875484466552734,
            "12_copy": 0.01175689697265625,
            "13_select": 0.008359432220458984
        },
        "join_text_units_to_entity_ids": {
            "overall": 0.0521092414855957,
            "0_select": 0.010487794876098633,
            "1_unroll": 0.010190963745117188,
            "2_aggregate_override": 0.01807546615600586
        },
        "create_final_relationships": {
            "overall": 0.18097496032714844,
            "0_unpack_graph": 0.018465280532836914,
            "1_filter": 0.029108285903930664,
            "2_rename": 0.01502370834350586,
            "3_filter": 0.0306398868560791,
            "4_drop": 0.015356779098510742,
            "5_compute_edge_combined_degree": 0.020110368728637695,
            "6_convert": 0.02971339225769043,
            "7_convert": 0.011086702346801758
        },
        "join_text_units_to_relationship_ids": {
            "overall": 0.07987689971923828,
            "0_select": 0.014954566955566406,
            "1_unroll": 0.016544580459594727,
            "2_aggregate_override": 0.015520095825195312,
            "3_select": 0.017787933349609375
        },
        "create_final_community_reports": {
            "overall": 223.12984228134155,
            "0_prepare_community_reports_nodes": 0.03448653221130371,
            "1_prepare_community_reports_edges": 0.017251968383789062,
            "2_restore_community_hierarchy": 0.017740488052368164,
            "3_prepare_community_reports": 0.05579185485839844,
            "4_create_community_reports": 222.97448825836182,
            "5_window": 0.01614212989807129
        },
        "create_final_text_units": {
            "overall": 0.13502192497253418,
            "0_select": 0.015778779983520508,
            "1_rename": 0.019098997116088867,
            "2_join": 0.022636890411376953,
            "3_join": 0.0216219425201416,
            "4_aggregate_override": 0.019984722137451172,
            "5_select": 0.018841266632080078
        },
        "create_base_documents": {
            "overall": 0.19426608085632324,
            "0_unroll": 0.015653133392333984,
            "1_select": 0.020488500595092773,
            "2_rename": 0.01861119270324707,
            "3_join": 0.02399611473083496,
            "4_aggregate_override": 0.0194246768951416,
            "5_join": 0.021691560745239258,
            "6_rename": 0.019690513610839844,
            "7_convert": 0.03806138038635254
        },
        "create_final_documents": {
            "overall": 0.03386950492858887,
            "0_rename": 0.020237445831298828
        }
    }
}